sim_time,occupation_value,current_working_value
0,0,0
1.7000000000000006,10,0.0
3.0000000000000018,10,0.0
3.0000000000000018,10,0.0
4.496846954238562,10,15.0
6,10,35.0
6.896846954238562,9,30.0
7.2,9,20.0
9.0,11,10.0
10.005153323016506,11,30.0
11,11,30.0
11.8,8,20.0
13,7,40.0
13,7,40.0
15.0,15,55.00000000000001
16,18,40.0
16.68412604099738,18,30.0
