sim_time,occupation_value,current_working_value
0,0,0
1.3000000000000003,10,0.0
2.4000000000000012,10,7.142857142857142
3.0000000000000018,10,0.0
3.0000000000000018,10,0.0
